date,ts,wp,hi,lo,open
2017-02-25,1487980800.0,1172.3825107813889,1189.49,1110.0,1186.91
2017-12-28,1514419200.0,14292.860031115983,15489.0,13500.0,15360.01
2016-08-05,1470355200.0,579.20112780834,592.87,570.39,587.5
2015-11-21,1448064000.0,324.77413709598505,328.0,316.33,322.39
2015-11-26,1448496000.0,342.98828021177053,368.18,328.98,328.99
2017-09-05,1504569600.0,4394.633379150482,4514.95,4242.38,4498.46
2015-05-10,1431216000.0,242.22454929957016,244.89,239.63,242.59
2017-05-08,1494201600.0,1640.8118100401387,1713.0,1608.0,1611.1
2015-10-20,1445299200.0,267.8699005716382,272.95,264.38,264.91
2017-09-04,1504483200.0,4483.935289010963,4628.05,4234.16,4626.05
2015-10-24,1445644800.0,281.0354348995836,284.49,278.75,278.76
2016-10-29,1477699200.0,708.6322813989029,725.64,689.39,689.95
2016-12-16,1481846400.0,780.094099053953,785.0,774.8,776.16
2017-02-07,1486425600.0,1043.6839543277752,1058.26,1021.75,1022.91
2015-09-21,1442793600.0,228.9655644050068,233.64,226.87,232.26
2015-05-20,1432080000.0,233.8841037745621,235.0,232.54,232.58
2017-04-08,1491609600.0,1188.590102707014,1198.0,1170.0,1194.0
2017-09-09,1504915200.0,4336.064500378125,4449.95,4180.0,4350.0
2017-06-30,1498780800.0,2513.160082775212,2554.01,2446.2,2531.16
2016-10-18,1476748800.0,637.6142500787357,640.0,632.15,639.56
2015-10-23,1445558400.0,277.94038266315334,281.17,275.4,275.76
2017-04-07,1491523200.0,1192.2115751907625,1203.0,1175.26,1192.29
2017-08-02,1501632000.0,2714.4315653090243,2758.06,2650.0,2731.6
2015-11-04,1446595200.0,450.215968536646,499.99,368.15,404.06
2016-05-02,1462147200.0,449.29003719206884,457.63,440.02,456.98
2017-12-20,1513728000.0,16865.04266576458,17890.0,14001.0,17838.73
2017-11-12,1510444800.0,6097.406380152208,6486.0,5511.11,6346.64
2017-05-12,1494547200.0,1774.0454460308354,1838.0,1651.01,1837.98
2016-01-07,1452124800.0,449.9752735941789,460.15,430.64,430.66
2015-09-24,1443052800.0,232.75766846413183,235.99,230.09,230.26
2016-01-14,1452729600.0,431.9287248053954,435.27,428.0,432.7
2017-08-01,1501545600.0,2793.1428669897896,2925.0,2676.01,2856.89
2016-09-25,1474761600.0,602.3249479541029,605.99,599.42,603.69
2017-03-28,1490659200.0,1044.5650441868745,1069.39,1016.25,1042.27
2017-02-17,1487289600.0,1049.9182546628438,1064.6,1036.29,1038.95
2018-01-07,1515283200.0,16526.97358349584,17115.01,15755.01,17099.0
2017-09-26,1506384000.0,3918.1693408603496,3960.0,3854.29,3919.98
2016-05-18,1463529600.0,456.2379105255976,457.88,453.6,454.19
2016-06-11,1465603200.0,586.4205170158805,610.0,580.31,580.31
2016-01-10,1452384000.0,446.7695758096388,451.39,442.96,450.39
2017-02-12,1486857600.0,1012.4038162425077,1018.88,1008.0,1018.63
2016-04-15,1460678400.0,428.70459842239023,431.1,425.72,426.35
2016-10-03,1475452800.0,613.3667139660623,615.24,610.7,612.42
2015-11-07,1446854400.0,383.94725427958986,392.0,371.43,374.26
2016-07-29,1469750400.0,657.2062057408622,659.0,651.0,657.4
2015-08-08,1438992000.0,273.9506032829306,280.16,260.07,280.06
2015-05-27,1432684800.0,237.6618682467638,238.75,236.47,236.8
2016-04-28,1461801600.0,446.4056124900487,451.88,434.79,445.3
2015-12-28,1451260800.0,425.3132803135278,429.9,418.0,424.73
2017-01-31,1485820800.0,944.1076553707231,972.3,922.94,923.26
2017-08-27,1503792000.0,4344.521202347572,4392.0,4309.87,4344.32
2016-10-19,1476835200.0,632.6737019558672,636.99,625.6,635.12
2016-07-26,1469491200.0,654.7050778971817,658.99,645.0,657.99
2015-05-29,1432857600.0,236.8109948953055,237.68,235.01,237.25
2015-04-23,1429747200.0,234.8963085722776,236.54,232.79,233.96
2017-11-26,1511654400.0,9142.956723291796,9596.0,8795.5,8795.5
2017-11-04,1509753600.0,7273.734065982639,7498.0,7011.1,7170.01
2017-10-14,1507939200.0,5670.197637516323,5839.8,5567.86,5624.87
2015-08-04,1438646400.0,284.4901485750349,286.47,280.11,280.95
2017-05-14,1494720000.0,1799.7139449356946,1829.0,1763.33,1791.7
2016-12-10,1481328000.0,774.6167099919231,776.99,770.0,773.15
2017-05-26,1495756800.0,2444.4760422136783,2683.18,2052.01,2362.17
2015-11-17,1447718400.0,335.77330504024303,340.72,330.1,332.85
2016-11-21,1479686400.0,734.7650496444426,738.47,730.0,731.72
2016-03-13,1457827200.0,413.0871748000071,416.38,410.01,410.56
2017-05-07,1494115200.0,1591.0239929543736,1618.31,1563.87,1585.49
2017-02-08,1486512000.0,1054.1585181376377,1069.95,1016.49,1053.95
2015-10-12,1444608000.0,247.59792726274253,249.14,245.89,249.01
2017-06-25,1498348800.0,2555.6286267306923,2625.0,2430.05,2574.86
2015-12-17,1450310400.0,453.62047594831876,456.33,446.01,453.96
2016-04-23,1461369600.0,450.02568215629736,455.84,447.03,448.57
2016-05-26,1464220800.0,452.16468990720784,454.99,449.0,451.45
2017-07-21,1500595200.0,2717.6241221236755,2880.0,2608.27,2873.45
2016-11-04,1478217600.0,700.9436388282983,708.33,683.8,690.0
2016-05-17,1463443200.0,455.6216459306113,457.49,452.2,455.64
2015-08-01,1438387200.0,281.25333128656985,285.6,277.26,285.2
2016-08-21,1471737600.0,581.9842635196173,583.99,579.34,581.72
2017-08-16,1502841600.0,4171.804646991528,4385.5,3928.82,4159.93
2015-07-11,1436572800.0,291.9217564724581,299.0,284.5,286.71
2016-03-24,1458777600.0,415.7808256153667,417.72,410.0,417.53
2016-03-03,1456963200.0,418.28724443682006,422.8,408.63,420.44
2015-09-30,1443571200.0,237.53254502517348,238.75,236.26,236.91
2016-12-17,1481932800.0,789.1294989012132,791.97,779.5,780.85
2015-08-03,1438560000.0,283.129695000528,285.86,280.27,282.62
2017-01-11,1484092800.0,852.4248269910624,923.98,765.0,906.81
2015-07-18,1437177600.0,279.041489480729,282.71,276.34,280.14
2017-11-14,1510617600.0,6590.486602055844,6748.0,6464.64,6535.87
2017-12-17,1513468800.0,19537.276940575,19891.99,19010.0,19650.02
2017-10-02,1506902400.0,4411.121144157767,4470.0,4354.99,4394.81
2016-08-29,1472428800.0,574.1486611892843,577.73,571.24,575.41
2016-10-04,1475539200.0,610.6647964152216,613.23,606.93,612.99
2015-12-30,1451433600.0,430.15461407108296,434.99,422.35,433.89
2015-05-08,1431043200.0,240.3147841392642,247.06,236.35,237.97
2016-12-04,1480809600.0,766.1912551921511,769.76,762.83,766.86
2015-07-09,1436400000.0,270.28810101101385,272.5,267.1,271.5
2017-03-07,1488844800.0,1258.721393438265,1288.0,1050.0,1284.99
2017-01-01,1483228800.0,979.5051464421524,1000.0,964.37,973.37
2015-08-07,1438905600.0,279.4692151575906,281.17,277.05,279.37
2016-12-12,1481500800.0,776.5962290697196,782.0,770.88,771.05
2016-02-28,1456617600.0,429.6624811223395,436.07,423.0,433.09
2017-05-04,1493856000.0,1572.552218742778,1665.0,1482.06,1533.0
2016-03-27,1459036800.0,419.86065972473705,426.5,416.35,416.96
2016-10-07,1475798400.0,615.0668102172903,618.7,609.89,611.78
2015-05-19,1431993600.0,233.46056073185395,234.92,231.53,234.04
2015-08-13,1439424000.0,265.12383268785464,267.82,262.94,266.81
2017-10-13,1507852800.0,5615.908304522362,5867.0,5390.0,5440.0
2016-10-02,1475366400.0,612.8280743321735,615.9,608.66,615.65
2017-02-13,1486944000.0,1005.1199358123251,1021.5,985.68,1009.99
2016-07-30,1469836800.0,657.2026353757285,658.98,652.95,657.18
2017-07-02,1498953600.0,2454.2270402338886,2545.0,2385.0,2424.08
2015-10-04,1443916800.0,239.7427322761798,240.28,239.07,239.93
2017-03-02,1488412800.0,1245.460964190839,1298.61,1220.0,1230.0
2016-03-17,1458172800.0,418.16438643074287,419.75,415.7,416.06
2015-07-24,1437696000.0,283.39480406651387,291.52,276.43,277.23
2016-06-29,1467158400.0,638.2589204721186,648.43,630.02,648.43
2016-04-02,1459555200.0,419.474554683813,420.5,417.04,417.68
2016-06-30,1467244800.0,654.2551772643886,675.0,635.14,639.41
2017-05-23,1495497600.0,2216.635867062917,2283.0,2100.86,2123.29
2015-10-27,1445904000.0,292.76058216677745,297.99,286.89,287.1
2017-04-29,1493424000.0,1356.1383818885422,1369.5,1335.64,1352.96
2015-11-28,1448668800.0,355.23413955911906,359.63,351.09,358.2
2016-10-26,1477440000.0,663.8470344924156,678.0,652.51,654.3
2015-11-02,1446422400.0,338.9842134252076,371.82,326.07,329.45
2016-01-27,1453852800.0,394.34453732173586,397.18,390.7,391.7
2016-08-19,1471564800.0,574.8661415555135,576.99,572.68,574.05
2017-04-01,1491004800.0,1090.4595159128462,1110.95,1071.45,1088.99
2016-08-16,1471305600.0,572.9283454431109,581.99,566.09,567.85
2016-07-27,1469577600.0,654.4341766112506,658.99,646.56,654.06
2017-07-25,1500940800.0,2625.447517534445,2782.44,2449.69,2761.68
2015-06-06,1433548800.0,224.9926239039593,225.61,224.27,225.03
2016-08-09,1470700800.0,589.591076933826,594.04,585.38,591.58
2015-06-08,1433721600.0,226.3516975951663,230.16,223.63,223.88
2016-11-10,1478736000.0,715.2753198025277,723.61,705.84,721.0
2015-07-05,1436054400.0,263.9951942534023,275.25,258.99,260.64
2017-05-06,1494028800.0,1583.4329212527812,1598.89,1551.3,1551.3
2017-07-10,1499644800.0,2456.8689599225677,2523.0,2250.0,2508.0
2016-07-03,1467504000.0,678.1573007602365,705.25,651.0,705.25
2017-05-19,1495152000.0,1937.8128323654162,1980.0,1890.73,1899.47
2017-11-11,1510358400.0,6557.900279717634,6894.99,6201.01,6577.63
2017-05-02,1493683200.0,1460.9624425070813,1492.93,1426.51,1436.5
2016-07-11,1468195200.0,652.878547762903,664.27,648.11,652.43
2017-04-10,1491782400.0,1211.9462975349986,1219.78,1201.0,1210.99
2015-08-30,1440892800.0,229.3966245179932,233.47,226.59,230.61
2015-10-11,1444521600.0,246.81299600124237,250.0,245.63,246.06
2017-11-30,1512000000.0,10005.687825947081,10850.0,9135.6,9920.81
2017-09-22,1506038400.0,3629.6941907412424,3767.77,3509.79,3617.47
2017-03-29,1490745600.0,1035.4278819472222,1058.16,1005.77,1045.54
2016-01-13,1452643200.0,431.2821244260771,437.5,425.0,434.01
2015-09-05,1441411200.0,233.05058622649958,237.24,230.12,231.43
2015-09-13,1442102400.0,233.7165006603124,236.91,229.72,236.5
2016-10-21,1477008000.0,629.7450369660896,633.41,627.5,628.19
2017-08-10,1502323200.0,3394.4684627159704,3448.0,3317.0,3342.8
2016-04-03,1459641600.0,419.711387428257,420.8,418.33,419.95
2016-08-11,1470873600.0,593.6074424187298,599.99,585.6,594.94
2015-10-07,1444176000.0,245.74176109945773,247.96,240.2,246.7
2016-12-07,1481068800.0,761.7484199077008,768.9,750.26,759.93
2017-03-05,1488672000.0,1267.286161519999,1278.99,1247.11,1273.94
2016-02-26,1456444800.0,423.36543340067976,430.85,419.53,423.51
2015-05-09,1431129600.0,243.37726860272264,247.6,240.0,244.44
2016-12-01,1480550400.0,748.6577931876585,754.9,741.59,742.51
2015-07-04,1435968000.0,257.0939659776242,261.0,254.4,256.94
2016-02-03,1454457600.0,371.1064513374241,373.01,365.63,372.93
2016-12-14,1481673600.0,778.870577981825,781.8,773.2,776.65
2016-03-04,1457049600.0,417.5006014225203,422.21,405.5,418.76
2015-09-07,1441584000.0,241.02849178257566,242.98,239.21,241.26
2017-03-25,1490400000.0,929.7513731877089,973.99,890.05,933.93
2017-01-22,1485043200.0,928.5370087860842,946.25,902.0,925.06
2017-01-14,1484352000.0,834.8600686557983,847.52,822.34,831.42
2017-11-10,1510272000.0,6966.398741482084,7350.0,6426.0,7156.0
2015-07-27,1437955200.0,291.5824957007707,297.0,287.24,293.88
2016-03-09,1457481600.0,411.3750714295968,414.0,408.75,411.18
2017-09-14,1505347200.0,3628.2475125695137,3923.0,3230.05,3855.61
2015-12-20,1450569600.0,452.4503587159578,461.3,430.0,461.29
2017-06-09,1496966400.0,2822.9940728561764,2861.58,2786.2,2799.76
2017-06-15,1497484800.0,2352.40756137646,2525.0,2050.0,2432.21
2015-09-11,1441929600.0,240.56106756477052,241.54,238.5,238.55
2017-01-10,1484006400.0,906.9065054041682,915.1,899.01,902.66
2015-06-19,1434672000.0,248.68598730174952,251.05,245.04,249.33
2015-11-13,1447372800.0,334.59050736862514,343.0,325.0,336.49
2016-01-22,1453420800.0,394.05063285617354,413.99,373.86,409.02
2016-03-30,1459296000.0,413.2136699374936,416.41,407.56,416.4
2016-05-09,1462752000.0,461.9125677489727,465.9,459.41,462.6
2015-09-12,1442016000.0,239.1149996934932,241.12,235.26,240.9
2015-11-15,1447545600.0,330.6593765413336,336.46,319.89,334.67
2017-03-06,1488758400.0,1281.6333233534033,1288.0,1268.78,1278.63
2015-04-16,1429142400.0,227.77941345547197,230.75,223.66,224.35
2016-06-12,1465689600.0,643.0611060632219,687.71,605.0,609.5
2017-12-12,1513036800.0,17129.40795339376,18149.99,16375.0,16885.76
2017-04-17,1492387200.0,1180.191331100136,1197.6,1170.85,1177.63
2016-09-28,1475020800.0,604.7272884971597,606.0,603.18,605.71
2016-11-14,1479081600.0,703.3092740389579,708.57,695.07,704.01
2016-02-04,1454544000.0,377.15527876102004,390.63,368.74,368.87
2017-05-20,1495238400.0,2001.7458426150722,2059.0,1970.04,1976.22
2015-04-29,1430265600.0,225.0170151472219,227.3,220.2,225.39
2015-11-05,1446681600.0,400.15197536982686,450.0,366.66,410.0
2015-10-14,1444780800.0,252.1668707236036,255.0,250.25,250.98
2015-10-13,1444694400.0,248.56380166674302,251.5,244.86,246.43
2015-07-13,1436745600.0,294.86461471134015,312.91,281.62,312.19
2017-07-22,1500681600.0,2777.029736723198,2869.88,2646.95,2661.05
2017-01-03,1483401600.0,1019.4061062860388,1036.99,1006.71,1011.52
2015-09-10,1441843200.0,239.05291578355528,241.4,236.69,238.74
2016-09-10,1473465600.0,623.4390841787505,626.54,620.59,622.07
2016-05-08,1462665600.0,461.12749956504774,465.0,457.5,461.91
2016-04-10,1460246400.0,421.93472267400654,423.99,419.46,419.47
2017-12-07,1512604800.0,15487.717392791683,19697.0,13500.0,14090.0
2017-12-18,1513555200.0,18883.326352902084,19385.0,18200.0,19378.99
2017-10-09,1507507200.0,4650.60075328798,4875.39,4561.0,4603.5
2015-09-03,1441238400.0,228.20079818811794,230.79,226.48,229.95
2017-12-19,1513641600.0,18400.151386215974,19099.0,16800.0,19039.01
2017-07-09,1499558400.0,2551.20616031368,2579.84,2500.0,2560.84
2017-08-30,1504051200.0,4582.574820217219,4635.21,4500.55,4599.01
2017-11-23,1511395200.0,8190.926992461315,8274.98,8031.16,8250.0
2016-02-12,1455235200.0,380.02292951868753,382.05,377.46,378.23
2016-10-12,1476230400.0,639.3775462616522,643.58,631.91,642.3
2015-08-28,1440720000.0,228.52005058856994,236.18,221.2,225.62
2015-07-21,1437436800.0,279.69993643559707,281.27,276.85,279.96
2015-08-16,1439683200.0,260.0954510559026,263.1,255.67,262.45
2016-04-25,1461542400.0,464.1051362312568,472.38,454.65,464.47
2017-08-03,1501718400.0,2741.336429371947,2799.0,2699.89,2699.9
2015-06-21,1434844800.0,244.56414643500693,246.98,242.0,246.14
2015-07-07,1436227200.0,268.46162158008326,272.11,264.5,269.78
2017-02-06,1486339200.0,1022.264413682636,1027.7,1014.64,1016.32
2016-01-21,1453334400.0,413.37013811023724,424.78,403.21,418.89
2017-02-02,1485993600.0,994.7190159231333,1010.0,978.74,992.75
2017-03-15,1489536000.0,1253.4440005574302,1264.55,1240.0,1247.43
2017-07-15,1500076800.0,2081.8728386304806,2224.82,1964.31,2217.02
2015-11-09,1447027200.0,375.3529930055764,386.96,360.8,373.84
2017-10-20,1508457600.0,5793.649436126127,6063.99,5630.0,5704.0
2015-12-09,1449619200.0,415.5082157160765,425.0,401.0,417.84
2016-11-09,1478649600.0,727.9522045804866,747.26,710.05,711.3
2016-05-06,1462492800.0,454.19325834404145,463.73,448.84,449.99
2016-08-27,1472256000.0,574.16782792209,579.45,568.95,579.29
2016-07-02,1467417600.0,689.2026257330335,705.21,676.92,678.09
2016-08-03,1470182400.0,555.2557747691104,576.0,519.3,538.8
2016-10-17,1476662400.0,639.7711668594242,643.47,636.27,642.1
2015-11-24,1448323200.0,321.56898406500045,323.17,318.0,323.01
2017-09-25,1506297600.0,3824.856653235879,3969.37,3669.01,3669.01
2017-12-10,1512864000.0,14778.087758216678,16300.0,13501.0,15309.99
2017-01-25,1485302400.0,897.2555922722167,903.98,886.99,887.0
2017-04-21,1492732800.0,1247.6197734810414,1258.77,1236.15,1236.15
2016-12-23,1482451200.0,898.0215960028191,918.5,855.45,856.45
2017-11-08,1510099200.0,7381.609587437904,7898.0,7031.66,7128.99
2017-12-08,1512691200.0,16144.054311351383,17777.69,13788.99,17390.01
2017-10-04,1507075200.0,4253.172550554296,4344.0,4179.99,4307.99
2017-08-06,1501977600.0,3215.6624296293776,3278.42,3150.0,3243.5
2016-02-07,1454803200.0,376.55368140283315,379.81,373.24,375.44
2015-10-02,1443744000.0,238.4898438863265,239.4,236.97,238.34
2016-09-16,1473984000.0,606.8526457642915,608.1,603.15,605.43
2015-07-26,1437868800.0,291.39684002721475,294.49,288.65,289.68
2016-08-20,1471651200.0,578.3542882364791,583.92,572.38,573.68
2016-03-02,1456876800.0,430.9133790761461,435.36,418.36,433.03
2016-04-21,1461196800.0,445.59058904462506,453.8,441.99,442.87
2017-04-18,1492473600.0,1198.7913747431924,1206.65,1189.76,1190.95
2017-01-19,1484784000.0,897.2576677801239,907.0,883.08,887.98
2016-12-24,1482537600.0,901.2466669913543,918.19,880.1,917.28
2016-09-01,1472688000.0,571.5873909666255,573.31,568.12,572.89
2017-08-31,1504137600.0,4678.435607630075,4769.03,4580.85,4581.98
2017-06-03,1496448000.0,2523.6486747633335,2599.0,2448.0,2478.99
2017-11-15,1510704000.0,7051.732137842284,7349.0,6605.0,6605.0
2017-12-26,1514246400.0,15364.195778078469,16148.0,14171.98,14171.99
2016-01-08,1452211200.0,456.3564729326668,464.4,447.53,459.07
2015-12-07,1449446400.0,392.1332222210268,397.57,383.0,387.53
2017-09-01,1504224000.0,4809.170906186395,4948.0,4706.0,4743.94
2016-05-16,1463356800.0,458.61941607145815,461.59,451.48,461.48
2017-06-07,1496793600.0,2816.0706557090953,2885.0,2598.7,2871.29
2016-11-24,1479945600.0,738.4310606731383,743.99,727.0,741.51
2017-10-19,1508371200.0,5656.691195657086,5750.0,5529.44,5574.02
2015-08-31,1440979200.0,229.51623625354122,233.0,225.23,229.4
2016-06-26,1466899200.0,652.598931666299,675.19,625.01,673.71
2017-01-12,1484179200.0,790.7578209710487,840.0,734.64,795.8
2016-06-20,1466380800.0,751.3855989743687,768.94,702.0,768.94
2017-10-18,1508284800.0,5410.44924727666,5600.0,5102.0,5593.97
2016-06-10,1465516800.0,578.3429802039717,581.0,573.5,577.47
2017-05-22,1495411200.0,2167.709494017778,2298.0,1975.0,2056.99
2015-08-29,1440806400.0,230.80549229963887,233.95,228.0,231.55
2017-08-26,1503705600.0,4319.0926024029195,4374.39,4260.01,4360.0
2015-04-30,1430352000.0,231.7851615983128,240.0,225.1,225.78
2016-01-30,1454112000.0,379.18504439336755,382.04,375.0,378.68
2015-07-12,1436659200.0,305.6004003386043,316.52,293.5,294.29
2016-02-16,1455580800.0,403.0859070616529,407.5,390.0,398.94
2015-04-21,1429574400.0,227.17056226524286,235.89,224.01,225.35
2017-08-17,1502928000.0,4347.863915599377,4469.0,4180.0,4370.01
2017-11-13,1510531200.0,6355.194349260773,6841.45,5850.0,5886.35
2017-12-13,1513123200.0,17140.075189416642,17900.0,15700.0,17730.12
2016-09-08,1473292800.0,623.1183698676818,631.3,613.43,615.22
2016-07-19,1468886400.0,673.3944938334047,676.87,666.17,675.51
2017-10-17,1508198400.0,5632.885699151884,5769.99,5525.0,5754.9
2015-04-18,1429315200.0,223.39817036743722,224.04,222.18,223.55
2017-10-30,1509321600.0,6122.743243066308,6200.0,6028.0,6140.01
2015-12-18,1450396800.0,459.18710576311054,465.1,453.28,455.5
2016-10-20,1476921600.0,628.5701056535701,629.99,626.01,629.79
2015-07-31,1438300800.0,285.74902745453505,290.0,282.79,288.49
2016-01-12,1452556800.0,447.1068694546107,449.44,431.83,449.26
2016-04-26,1461628800.0,468.39338002761843,472.11,464.01,466.17
2015-09-02,1441152000.0,228.62201910529183,231.43,226.43,228.22
2015-11-01,1446336000.0,319.4220301748889,332.0,311.44,314.84
2016-02-11,1455148800.0,375.4212066811394,379.5,361.1,378.49
2015-10-19,1445212800.0,265.1727169659447,268.23,262.05,265.0
2017-12-24,1514073600.0,14165.753844362487,15109.27,13210.0,15075.89
2015-06-26,1435276800.0,241.9702465463402,243.1,239.91,242.46
2015-11-20,1447977600.0,320.40939920606246,327.04,311.23,326.53
2015-08-14,1439510400.0,265.76452767181854,267.98,262.5,264.48
2017-08-25,1503619200.0,4359.660310511186,4453.9,4284.01,4312.03
2017-05-29,1496016000.0,2254.3200442299326,2357.86,2141.12,2237.0
2016-10-31,1477872000.0,699.9951017031533,709.68,681.01,697.39
2017-06-24,1498262400.0,2659.8103222018726,2718.37,2503.05,2690.76
2017-01-27,1485475200.0,920.0198961221595,924.47,911.0,917.02
2017-01-15,1484438400.0,826.2927803469539,835.0,819.0,828.0
2015-10-09,1444348800.0,243.9914878249932,244.88,241.1,242.94
2017-05-13,1494633600.0,1715.782346062985,1792.96,1610.0,1695.56
2017-04-22,1492819200.0,1245.4742928036796,1253.0,1221.51,1249.98
2016-08-14,1471132800.0,578.1924638087561,586.49,565.19,586.45
2016-02-01,1454284800.0,373.15694156420165,379.0,366.26,367.89
2017-01-13,1484265600.0,812.4592439736857,835.01,782.85,812.25
2016-01-16,1452902400.0,371.0825744861741,391.0,350.92,357.59
2015-10-22,1445472000.0,273.12271920691603,280.0,268.75,268.77
2017-08-13,1502582400.0,4041.3845792361117,4200.0,3850.0,3874.0
2017-09-21,1505952000.0,3793.121131162076,3903.57,3571.0,3872.07
2016-11-08,1478563200.0,709.092547891896,716.45,704.16,706.41
2017-06-06,1496707200.0,2834.940406740764,2938.55,2674.69,2698.0
2015-06-29,1435536000.0,253.36328196759695,257.99,249.09,249.11
2017-03-04,1488585600.0,1281.4224182556925,1294.48,1226.41,1293.06
2016-07-23,1469232000.0,658.6633721593751,662.35,653.92,654.7
2016-06-25,1466812800.0,680.882310589347,699.0,650.0,669.98
2016-09-21,1474416000.0,597.8601387323822,605.6,592.63,605.6
2016-04-29,1461888000.0,452.8163156746521,459.44,448.5,451.67
2017-03-18,1489795200.0,1032.3704413945352,1096.0,919.44,1068.78
2016-08-17,1471392000.0,576.5399579248684,581.99,569.67,579.02
2016-07-15,1468540800.0,665.5508461978538,669.98,660.68,661.4
2016-02-08,1454889600.0,376.14733243746554,379.35,370.5,377.47
2015-05-05,1430784000.0,235.91050945899264,240.0,232.0,239.75
2016-04-04,1459728000.0,419.4299084700835,421.0,417.58,420.08
2017-02-16,1487203200.0,1028.437701611875,1041.88,1013.02,1014.58
2017-08-07,1502064000.0,3305.692427335274,3416.0,3190.0,3222.22
2016-10-09,1475971200.0,618.2603240860373,619.59,617.0,619.46
2016-06-08,1465344000.0,579.1506715118406,583.99,572.96,579.72
2016-05-10,1462838400.0,457.62365362516084,465.0,448.2,464.15
2015-10-17,1445040000.0,269.59276911737476,274.81,263.05,263.45
2016-11-16,1479254400.0,722.8520525980131,743.8,710.0,711.92
2016-10-13,1476316800.0,636.6281357555486,639.85,632.0,635.9
2017-09-20,1505865600.0,3941.3143449881863,4044.0,3850.01,3910.11
2015-06-01,1433116800.0,227.4612246350971,230.99,221.58,230.18
2017-06-18,1497744000.0,2566.6895583823593,2670.0,2455.01,2634.94
2017-11-27,1511740800.0,9672.484294905891,9795.0,9401.01,9401.11
2016-01-23,1453507200.0,390.10327708806193,398.72,382.55,382.93
2016-05-28,1464393600.0,495.8786699532148,539.49,470.13,471.21
2015-06-17,1434499200.0,251.6988854079094,259.46,247.0,251.88
2017-01-05,1483574400.0,1055.9577177759083,1175.0,880.0,1131.1
2017-06-23,1498176000.0,2705.653502523127,2743.0,2665.0,2679.93
2017-05-27,1495843200.0,2125.449172258333,2353.35,1913.19,2276.46
2017-11-06,1509926400.0,7240.04201930431,7432.49,6900.73,7391.95
2017-07-12,1499817600.0,2338.4557250149983,2415.0,2250.0,2310.0
2017-08-28,1503878400.0,4311.332953174295,4396.0,4200.0,4343.5
2016-05-24,1464048000.0,446.42842786881073,448.5,440.5,445.56
2017-08-19,1503100800.0,4099.120146907289,4186.1,4000.0,4101.72
2016-06-18,1466208000.0,756.1656172319242,785.15,734.8,752.0
2015-10-30,1446163200.0,326.68244810262496,336.97,315.9,316.07
2015-06-28,1435449600.0,249.98699659093705,251.87,247.51,251.46
2015-08-12,1439337600.0,269.12415028729174,272.4,265.79,271.99
2016-09-17,1474070400.0,607.5720041084704,608.99,604.0,607.95
2017-04-06,1491436800.0,1168.0814162370855,1206.97,1132.98,1132.99
2017-02-05,1486252800.0,1022.7046016929825,1036.3,1003.02,1035.54
2016-04-09,1460160000.0,418.4505492422905,419.79,415.51,419.48
2015-06-09,1433808000.0,229.92786966386808,232.06,228.31,229.1
2017-03-23,1490227200.0,1035.8351523011795,1057.41,1013.0,1038.94
2016-05-19,1463616000.0,450.69543198064673,456.41,435.0,455.56
2017-03-21,1490054400.0,1085.6513169220843,1120.0,1042.68,1046.75
2018-01-04,1515024000.0,14851.4778803757,15400.0,14230.0,15098.23
2016-12-06,1480982400.0,757.5228050558742,761.58,752.0,752.01
2017-01-07,1483747200.0,877.6655166842014,910.0,802.07,895.78
2016-09-07,1473206400.0,613.2205860685144,618.53,609.21,612.99
2016-03-18,1458259200.0,412.9244561749449,418.66,399.21,418.42
2016-10-28,1477612800.0,687.6208483983598,691.19,683.2,691.01
2016-10-22,1477094400.0,639.7695764219711,658.0,629.32,630.67
2016-09-12,1473638400.0,607.1912600033119,609.45,603.0,607.94
2016-03-15,1458000000.0,415.2374086120486,416.94,412.48,415.02
2016-05-11,1462924800.0,455.6982825520346,458.65,452.5,452.77
2015-06-15,1434326400.0,235.80271021060366,238.5,233.6,233.6
2017-02-03,1486080000.0,1014.1289009708264,1024.5,994.34,1008.4
2015-07-08,1436313600.0,269.01015420235456,273.97,264.41,266.18
2015-06-27,1435363200.0,245.8010870994519,252.22,242.6,242.99
2017-04-03,1491177600.0,1142.5153010372912,1168.72,1112.24,1113.23
2017-07-30,1501372800.0,2688.3867050899985,2739.98,2500.0,2700.2
2016-03-05,1457136000.0,398.3705286741732,408.83,381.09,407.38
2017-03-17,1489708800.0,1130.902929205903,1175.11,1065.74,1175.11
2016-12-20,1482192000.0,791.4581866324593,799.21,788.58,791.0
2015-08-06,1438819200.0,280.32538320674274,282.61,278.95,282.44
2015-11-27,1448582400.0,356.19506030856957,364.46,347.96,352.56
2016-02-15,1455494400.0,402.3551153533886,409.09,394.03,406.62
2016-04-27,1461715200.0,462.214751761035,470.79,440.94,470.3
2017-03-13,1489363200.0,1237.9029701744428,1249.0,1206.0,1235.27
2017-09-02,1504310400.0,4716.357869134992,4980.0,4500.0,4948.0
2017-07-07,1499385600.0,2551.9373827531936,2607.61,2472.0,2604.89
2017-05-09,1494288000.0,1729.4904045935423,1794.7,1630.0,1712.99
2017-07-14,1499990400.0,2275.6723217544454,2349.28,2150.0,2340.0
2015-05-18,1431907200.0,236.48207516051386,237.89,231.66,237.1
2016-03-29,1459209600.0,418.43464199583934,424.62,407.75,422.81
2017-10-12,1507766400.0,5111.855349298057,5440.92,4809.68,4814.99
2017-10-21,1508544000.0,6081.372257837153,6189.1,5868.26,5989.1
2017-08-12,1502496000.0,3790.9920534866687,3974.0,3622.87,3656.14
2017-07-24,1500854400.0,2759.388626806459,2799.2,2726.8,2755.19
2017-10-28,1509148800.0,5777.74179732943,5894.0,5715.0,5780.0
2016-06-17,1466121600.0,753.3076187631589,778.5,709.01,769.71
2016-08-04,1470268800.0,581.5563213098741,599.95,562.11,573.35
2017-06-26,1498435200.0,2449.666472900276,2563.9,2258.34,2505.61
2017-02-15,1487116800.0,1012.389380467778,1016.0,1007.66,1013.92
2015-09-15,1442275200.0,231.25504078968686,232.43,230.26,231.02
2017-07-31,1501459200.0,2771.102947546805,2900.0,2700.0,2723.99
2017-01-09,1483920000.0,899.4610158744938,923.58,886.42,922.04
2017-12-06,1512518400.0,12730.867551916666,14425.0,11717.5,11718.34
2015-10-31,1446249600.0,323.8585565566599,334.28,306.29,329.11
2017-05-21,1495324800.0,2054.25648198694,2102.68,1988.6,2058.89
2016-01-06,1452038400.0,431.9356859264652,433.46,428.15,433.32
2015-12-02,1449014400.0,355.9444326521529,363.06,347.55,362.68
2016-02-13,1455321600.0,388.4209555087645,396.0,381.99,382.05
2017-09-19,1505779200.0,3968.2960007998536,4125.22,3850.44,4100.0
2016-11-11,1478822400.0,715.06599245725,718.99,712.5,713.0
2015-12-01,1448928000.0,367.548307003646,378.94,354.6,376.88
2017-01-21,1484956800.0,919.296107794159,930.0,891.28,894.31
2016-12-02,1480636800.0,768.2309176759591,780.0,753.53,754.0
2016-01-09,1452297600.0,452.01530849877065,456.0,447.66,454.41
2016-01-11,1452470400.0,448.9765461888612,452.65,445.88,449.99
2015-12-13,1449964800.0,436.27732705531156,443.83,419.42,436.9
2015-09-27,1443312000.0,234.04569326290928,235.03,233.2,234.67
2015-12-22,1450742400.0,437.2144972408613,442.0,432.58,436.85
2016-12-25,1482624000.0,872.9616820271586,897.4,851.11,891.59
2017-02-01,1485907200.0,975.5240040485135,992.75,963.84,970.01
2017-04-19,1492560000.0,1201.3548042938176,1215.32,1191.09,1201.88
2016-12-22,1482364800.0,856.0684976405773,875.75,832.38,834.15
2017-01-20,1484870400.0,898.484927061009,904.59,890.0,902.92
2017-01-23,1485129600.0,923.424391390577,931.33,910.63,929.45
2016-09-18,1474156800.0,609.0674047160068,611.93,607.22,607.92
2016-11-13,1478995200.0,697.1627147023953,705.94,685.7,704.63
2017-11-05,1509840000.0,7487.760526900067,7630.0,7310.0,7412.35
2015-06-03,1433289600.0,225.98112181048597,227.45,223.82,225.83
2017-08-24,1503532800.0,4197.630733642911,4349.99,4112.76,4142.5
2017-04-27,1493251200.0,1324.2653799775012,1360.0,1295.39,1297.56
2015-05-24,1432425600.0,240.11565658609027,242.0,238.27,239.38
2015-09-29,1443484800.0,238.7487207628336,241.05,236.65,239.96
2016-05-03,1462233600.0,448.72491962517364,453.29,443.61,446.53
2017-03-24,1490313600.0,992.0579707143593,1030.3,920.1,1025.13
2017-02-19,1487462400.0,1059.4601351436104,1067.78,1051.26,1062.14
2016-09-27,1474934400.0,605.1351837338335,607.54,601.38,607.04
2017-06-04,1496534400.0,2518.90232025285,2556.1,2469.98,2548.3
2017-10-03,1506988800.0,4317.456702927914,4419.95,4242.42,4392.71
2015-10-16,1444953600.0,260.29129428514597,267.6,254.86,254.98
2017-06-08,1496880000.0,2749.8870692481246,2808.78,2611.41,2690.02
2015-08-15,1439596800.0,266.3767372720565,267.69,261.77,266.21
2015-05-26,1432598400.0,237.56238876968735,238.34,235.81,237.39
2015-11-16,1447632000.0,323.8646205284998,334.1,316.12,322.94
2018-01-03,1514937600.0,14989.939349795839,15400.0,14628.0,14781.52
2015-11-08,1446940800.0,383.12604474664573,389.0,363.58,384.8
2017-03-12,1489276800.0,1206.4574263571526,1244.0,1150.0,1188.11
2015-11-10,1447113600.0,365.45113639613885,382.23,322.0,379.55
2016-11-19,1479513600.0,748.5958485975342,752.3,738.0,748.55
2017-03-09,1489017600.0,1179.8722136092404,1214.95,1131.11,1150.22
2015-11-18,1447804800.0,334.3568317182985,338.0,330.0,336.49
2015-09-23,1442966400.0,231.11545836787414,233.0,229.27,231.31
2016-07-07,1467849600.0,645.5511351378065,683.44,611.94,678.79
2016-01-01,1451606400.0,433.2625462975065,437.15,427.92,430.35
2016-07-08,1467936000.0,649.8014584787715,667.33,638.04,641.97
2015-05-07,1430956800.0,232.5324754411528,239.18,228.67,230.0
2016-12-30,1483056000.0,955.9452773063252,970.51,930.3,970.51
2017-02-14,1487030400.0,1008.4870122468102,1018.97,992.27,1002.88
2016-07-24,1469318400.0,659.3528440980053,666.37,655.01,657.68
2016-07-05,1467676800.0,673.9053939140487,682.37,662.51,681.98
2017-01-08,1483833600.0,924.5336054401241,953.8,899.16,908.99
2015-10-01,1443657600.0,238.08121217179857,239.86,236.9,237.1
2016-12-26,1482710400.0,899.5977371076955,908.24,890.0,895.94
2015-06-13,1434153600.0,230.74362312565253,233.49,228.79,229.21
2016-06-22,1466553600.0,654.2766238431182,679.99,568.11,667.88
2015-10-28,1445990400.0,301.98485737262524,308.93,295.65,295.68
2016-10-10,1476057600.0,617.6597694925479,619.2,615.46,617.43
2017-10-15,1508025600.0,5632.548732432015,5849.83,5455.5,5819.13
2016-02-19,1455840000.0,419.54361024073694,422.0,416.0,421.18
2016-11-30,1480464000.0,737.9621786132213,745.0,729.17,732.44
2016-10-11,1476144000.0,632.0168767662216,647.03,618.13,618.72
2016-02-10,1455062400.0,376.115031861715,383.34,371.87,372.76
2017-10-24,1508803200.0,5674.074911261176,5906.0,5462.19,5906.0
2017-09-29,1506643200.0,4142.877183274579,4212.99,4015.17,4189.42
2016-09-29,1475107200.0,605.502438433513,606.89,603.56,604.96
2015-06-07,1433635200.0,224.7132136624104,226.09,222.88,225.48
2016-04-24,1461456000.0,459.1540842187161,465.0,454.55,455.68
2015-07-20,1437350400.0,277.54354778922135,280.0,273.34,275.6
2016-03-12,1457740800.0,413.7212812318962,421.3,406.52,419.48
2016-04-06,1459900800.0,422.0406281488753,423.0,420.61,422.4
2015-04-27,1430092800.0,222.16738192294483,231.11,218.78,221.27
2017-10-11,1507680000.0,4793.732466142217,4869.97,4720.21,4750.0
2017-03-01,1488326400.0,1210.4443379647896,1230.0,1085.71,1197.95
2017-12-05,1512432000.0,11722.236140952775,11875.0,11532.0,11643.99
2017-11-01,1509494400.0,6517.388225413057,6783.69,6363.59,6445.01
2015-08-22,1440201600.0,230.61698853468718,235.53,222.68,232.85
2015-10-10,1444435200.0,245.11993529958923,246.1,243.8,244.44
2017-05-01,1493596800.0,1425.4102184554865,1466.69,1370.98,1384.55
2015-12-06,1449360000.0,392.05703402113227,401.01,375.22,388.03
2015-06-23,1435017600.0,245.30621479265997,248.06,243.01,247.48
2016-02-27,1456531200.0,432.0953845518469,434.97,430.14,430.84
2017-04-16,1492300800.0,1182.577566714096,1189.93,1171.7,1178.84
2017-03-22,1490140800.0,1051.5564420109583,1114.96,985.17,1114.42
2017-09-07,1504742400.0,4590.223332336043,4665.44,4475.01,4616.18
2016-06-19,1466294400.0,759.1296475382031,771.92,744.77,759.0
2015-05-25,1432512000.0,238.84140089806218,241.4,236.71,240.68
2017-04-20,1492646400.0,1225.3170154831232,1240.6,1212.01,1214.22
2017-02-28,1488240000.0,1195.7299298294392,1214.94,1179.64,1195.84
2017-03-10,1489104000.0,1208.302592995199,1360.0,956.85,1197.3
2016-05-29,1464480000.0,521.7947945965002,549.99,492.35,523.35
2015-08-18,1439856000.0,254.1040008432018,258.04,200.0,257.56
2017-08-04,1501804800.0,2824.7026842506225,2877.79,2760.0,2787.05
2017-04-13,1492041600.0,1189.1428674988197,1219.49,1148.98,1214.68
2017-09-08,1504828800.0,4500.618679821938,4679.99,4140.0,4624.18
2016-04-22,1461283200.0,448.3260150108749,452.95,445.07,452.25
2015-06-14,1434240000.0,233.86743308912216,235.0,232.53,233.49
2016-03-07,1457308800.0,407.3793341178741,418.74,395.0,403.24
2016-04-01,1459468800.0,416.267983620806,417.68,414.12,416.03
2016-04-11,1460332800.0,422.60345343204085,424.0,420.15,423.29
2016-02-05,1454630400.0,385.9437038312148,389.36,382.99,387.99
2016-06-16,1466035200.0,743.141584813035,777.68,698.76,698.76
2017-11-19,1511049600.0,7839.763236892988,8098.62,7700.0,7777.01
2017-09-24,1506211200.0,3698.7680805544396,3789.36,3630.01,3787.33
2016-08-22,1471824000.0,582.5532747274092,586.99,579.22,581.34
2017-03-27,1490572800.0,1001.9318066712083,1045.9,961.1,973.97
2017-07-01,1498867200.0,2459.0429897967356,2515.0,2400.0,2455.19
2017-12-27,1514332800.0,15654.231758575685,16490.0,14524.37,15790.88
2016-01-02,1451692800.0,435.05766365780596,437.56,432.41,435.67
2016-09-02,1472774400.0,573.3758933812845,577.97,570.0,572.94
2017-09-18,1505692800.0,3954.1002656035375,4130.0,3717.56,3719.98
2015-12-10,1449705600.0,415.39818259403415,419.5,408.0,418.39
2015-11-06,1446768000.0,372.71337633158976,395.0,351.0,387.21
2017-06-29,1498694400.0,2557.613205603617,2591.98,2506.1,2553.13
2017-02-04,1486166400.0,1019.4381157328503,1044.12,1001.8,1018.48
2016-06-23,1466640000.0,597.4964333751395,637.89,544.13,606.13
2016-03-28,1459123200.0,422.7595066817912,425.36,419.63,425.29
2015-05-06,1430870400.0,234.9434569727431,237.87,228.38,236.76
2016-08-28,1472342400.0,572.3726923133527,575.41,569.65,570.83
2016-11-01,1477958400.0,721.4909410037706,737.5,695.74,697.07
2015-12-16,1450224000.0,455.3851326787157,464.73,440.0,464.5
2015-11-29,1448755200.0,360.5464048321179,373.63,354.26,357.24
2017-05-18,1495065600.0,1836.7329455207657,1900.0,1800.0,1813.23
2016-10-05,1475625600.0,611.6735919108675,614.24,609.22,610.33
2017-02-24,1487894400.0,1187.5802001268062,1221.93,1103.32,1185.81
2017-01-18,1484697600.0,889.2137123817643,916.7,850.0,906.09
2017-03-14,1489449600.0,1247.2507700043097,1262.0,1213.55,1245.5
2015-05-13,1431475200.0,242.7650843168472,244.13,235.54,242.04
2017-05-05,1493942400.0,1590.879073442915,1630.0,1535.11,1561.47
2016-07-20,1468972800.0,670.9198210291543,674.99,664.6,673.98
2015-12-12,1449878400.0,433.10345530993834,469.34,403.0,452.95
2015-10-08,1444262400.0,244.38565713890276,245.38,242.2,243.98
2017-12-02,1512172800.0,10956.358978168053,11100.0,10701.0,10869.85
2017-08-11,1502409600.0,3516.6811258395805,3725.0,3416.86,3444.98
2015-07-02,1435795200.0,257.1336110432154,262.0,253.0,258.96
2016-02-20,1455926400.0,431.12615582288885,444.03,420.09,420.72
2015-10-21,1445385600.0,269.1911788010894,272.85,265.0,271.16
2016-11-15,1479168000.0,710.9771280964516,716.3,671.23,708.4
2015-10-05,1444003200.0,239.43072464194475,240.98,237.5,239.87
2017-11-25,1511568000.0,8498.814722859179,8795.5,8203.98,8215.01
2016-10-30,1477785600.0,707.4555264255554,714.98,692.04,714.28
2016-03-14,1457913600.0,413.68740342274276,415.84,411.61,412.51
2017-12-04,1512345600.0,11395.413726918716,11650.0,10950.0,11290.0
2017-10-25,1508889600.0,5557.35797483153,5765.0,5376.71,5525.43
2017-09-17,1505606400.0,3670.2168738893743,3841.0,3475.64,3726.51
2016-05-25,1464134400.0,449.9044571259297,452.42,446.86,446.98
2016-12-21,1482278400.0,814.638386533216,834.5,798.88,798.98
2017-12-25,1514160000.0,14188.096053820145,14774.0,13500.0,14221.93
2016-06-28,1467072000.0,651.874280732625,663.53,638.0,657.86
2015-09-04,1441324800.0,229.89229838875727,232.49,227.24,227.24
2017-08-18,1503014400.0,4231.288241393264,4350.0,3960.47,4280.01
2017-01-04,1483488000.0,1082.8140998935412,1147.0,1018.0,1020.69
2015-04-28,1430179200.0,225.42049885758303,229.04,220.46,227.38
2017-02-20,1487548800.0,1062.7539728726406,1095.0,1051.36,1059.88
2015-10-25,1445731200.0,290.23921479150755,295.93,283.28,284.29
2017-02-26,1488067200.0,1165.3842593634015,1187.33,1130.88,1157.98
2018-01-01,1514764800.0,13425.054178008337,13889.0,12952.5,13863.14
2017-12-15,1513296000.0,17548.214432288198,17899.0,16745.0,16749.79
2015-12-11,1449792000.0,433.04786697596484,453.13,415.67,415.68
2016-08-24,1471996800.0,579.769196828272,582.68,575.29,582.39
2017-07-16,1500163200.0,1928.0827018205546,2043.94,1758.2,1964.33
2016-11-27,1480204800.0,733.4104657112999,737.95,728.01,735.69
2015-06-12,1434067200.0,230.01509537257667,231.32,229.01,229.68
2015-06-18,1434585600.0,249.21301436778472,253.29,243.51,250.18
2016-05-12,1463011200.0,452.7039671396526,456.57,449.27,454.56
2015-12-25,1451001600.0,455.53771816555576,458.99,450.01,455.74
2015-06-11,1433980800.0,229.7197122727921,230.92,228.7,228.79
2017-06-27,1498521600.0,2395.5150075820134,2575.75,2264.0,2407.91
2015-12-04,1449187200.0,361.0933190236527,364.85,355.43,361.89
2015-05-15,1431648000.0,237.9019975377704,239.0,236.89,237.39
2017-11-02,1509580800.0,7003.93021768967,7445.0,6759.0,6783.69
2017-10-06,1507248000.0,4361.141222883873,4407.0,4299.99,4320.02
2015-08-10,1439164800.0,265.8618270867228,268.89,263.17,267.6
2016-03-26,1458950400.0,416.53914633975654,417.77,414.37,416.42
2016-09-22,1474502400.0,596.8827878335624,598.54,594.78,597.0
2017-09-06,1504656000.0,4585.1117758093005,4692.0,4431.0,4432.51
2017-11-29,1511913600.0,10485.014746377174,11485.0,8595.55,9949.0
2016-11-22,1479772800.0,739.5810563323182,748.77,726.38,736.39
2017-05-16,1494892800.0,1744.9380679521566,1777.76,1690.14,1747.81
2016-08-25,1472083200.0,575.3499285126187,579.0,573.12,578.68
2015-06-10,1433894400.0,229.12228573327113,230.45,227.98,229.31
2015-12-27,1451174400.0,422.5194852408906,429.85,410.02,419.41
2017-06-13,1497312000.0,2714.7490379157657,2798.99,2649.47,2654.36
2016-03-31,1459382400.0,415.22565972551433,417.6,412.74,412.97
2017-08-09,1502236800.0,3345.2792888842396,3428.29,3232.62,3423.28
2017-07-17,1500249600.0,2052.46593388354,2238.07,1909.58,1911.79
2017-12-29,1514505600.0,14556.453516057636,15105.34,14041.81,14450.01
2016-07-09,1468022400.0,653.8208064589373,667.3,608.0,667.07
2016-06-14,1465862400.0,687.4544052632713,706.45,650.02,706.02
2016-01-17,1452988800.0,384.13795240764017,391.0,372.0,388.7
2015-08-24,1440374400.0,220.89105181180565,229.24,210.0,229.23
2017-02-18,1487376000.0,1066.4383848737489,1073.8,1055.6,1057.3
2017-09-30,1506729600.0,4269.634125404794,4356.28,4143.52,4156.99
2016-06-13,1465776000.0,692.2044228758757,720.0,663.55,677.45
2016-09-15,1473897600.0,608.0712143220424,609.49,603.33,608.47
2017-07-20,1500508800.0,2488.238480661112,2957.0,2258.99,2258.99
2016-05-30,1464566400.0,531.3935562006394,541.0,519.0,525.22
2015-09-17,1442448000.0,231.3616870418122,235.93,229.01,229.72
2017-06-02,1496361600.0,2425.2991144197917,2478.99,2379.44,2419.98
2017-11-03,1509667200.0,7246.87730730563,7449.99,6955.89,7039.99
2016-07-14,1468454400.0,659.3083822890703,663.99,640.0,655.3
2017-04-14,1492128000.0,1182.551475934445,1196.92,1170.14,1177.05
2015-05-02,1430524800.0,235.2716298224726,237.15,233.0,233.15
2017-07-03,1499040000.0,2520.6330222378488,2584.78,2479.75,2515.37
2016-12-28,1482883200.0,952.0234161199804,983.46,923.95,925.28
2016-05-21,1463788800.0,445.58692770408874,446.99,441.88,445.52
2016-05-07,1462579200.0,461.4691130619653,464.0,459.55,462.31
2015-06-22,1434931200.0,246.13434148462528,248.5,243.86,244.66
2017-07-08,1499472000.0,2519.659178127847,2563.5,2471.22,2501.15
2016-02-21,1456012800.0,438.1019520623964,448.7,426.01,438.04
2016-04-30,1461974400.0,455.9849547398054,459.33,450.13,458.8
2016-06-27,1466985600.0,647.7737426075826,659.98,630.0,638.56
2016-06-24,1466726400.0,667.0260058642086,700.0,631.01,631.1
2017-12-23,1513987200.0,15102.206160221513,16261.0,13750.0,14229.47
2016-09-13,1473724800.0,608.0152872972913,609.99,605.16,606.86
2017-01-29,1485648000.0,922.7508713016716,927.47,915.0,924.69
2016-06-03,1464912000.0,555.0847066664023,578.0,535.96,538.06
2016-08-31,1472601600.0,572.5149613901942,575.15,569.21,574.95
2017-10-23,1508716800.0,5888.841190782425,6057.02,5650.98,6005.05
2017-07-11,1499731200.0,2346.836397992079,2410.0,2265.0,2330.93
2015-05-12,1431388800.0,242.16682827302068,243.4,240.37,242.75
2016-08-13,1471046400.0,587.9127327141522,589.5,586.0,587.68
2016-01-31,1454198400.0,379.6488887538816,382.5,365.0,378.46
2015-10-03,1443830400.0,239.30553294856279,240.62,237.73,238.31
2017-07-05,1499212800.0,2581.961651926039,2630.24,2551.06,2602.0
2016-07-04,1467590400.0,674.2868793339499,683.69,653.16,664.09
2017-06-21,1498003200.0,2691.1258174255577,2781.59,2559.51,2725.11
2017-09-03,1504396800.0,4642.935547335001,4749.99,4524.0,4642.39
2015-11-25,1448409600.0,322.88386085127803,330.06,316.26,320.96
2016-01-15,1452816000.0,400.18206046957613,430.29,357.3,430.04
2017-10-26,1508976000.0,5831.897585319101,5985.0,5701.0,5739.97
2016-03-22,1458604800.0,415.71618657057655,417.79,411.0,411.98
2015-04-19,1429401600.0,224.66779198778488,226.72,223.44,224.02
2016-11-25,1480032000.0,734.4134199347283,739.99,729.0,737.99
2016-02-18,1455753600.0,419.73120487432556,423.2,415.01,415.18
2016-02-09,1454976000.0,371.9763786701802,374.93,370.13,371.08
2015-05-21,1432166400.0,235.5469755022155,236.74,234.16,234.55
2016-03-20,1458432000.0,411.5146350841244,415.34,409.36,410.2
2015-09-26,1443225600.0,235.0385350864928,236.2,233.5,235.88
2017-07-26,1501027200.0,2498.2708941114606,2614.0,2403.0,2564.0
2017-05-28,1495929600.0,2228.6825601625683,2342.99,2099.86,2099.99
2015-07-16,1437004800.0,282.6480756023332,292.78,275.0,285.7
2015-10-29,1446076800.0,310.438619044895,320.99,301.8,304.1
2016-09-05,1473033600.0,607.5640366212234,611.99,601.63,611.94
2016-10-25,1477353600.0,653.7471754046944,657.5,648.99,649.98
2017-06-10,1497052800.0,2856.3504513079165,2942.04,2801.25,2811.37
2016-01-28,1453939200.0,384.31613809972197,395.0,377.12,394.6
2016-03-23,1458691200.0,417.09061150732015,418.99,413.95,416.66
2015-07-25,1437782400.0,289.1254031106109,291.67,286.82,289.12
2016-06-15,1465948800.0,685.5607820400976,699.3,673.0,684.99
2016-02-17,1455667200.0,414.2160905871461,420.13,405.69,407.41
2017-06-20,1497916800.0,2652.9513140984013,2776.95,2585.42,2596.99
2017-05-31,1496188800.0,2250.2229624413194,2338.91,2173.8,2191.6
2017-03-16,1489622400.0,1223.2674508924306,1277.27,1117.77,1263.55
2016-05-04,1462320000.0,449.5824537945968,453.23,446.76,452.21
2015-11-12,1447286400.0,328.59317096362446,344.99,312.24,313.2
2015-05-30,1432944000.0,234.13734604271448,236.99,231.0,236.89
2017-07-19,1500422400.0,2309.078773673194,2396.0,2216.0,2307.48
2016-05-22,1463875200.0,444.66130707706964,446.45,440.89,446.27
2017-03-19,1489881600.0,1012.933747211259,1062.92,961.59,970.0
2017-12-11,1512950400.0,16692.398514648634,17493.0,15200.0,15290.01
2015-10-18,1445126400.0,268.5730216720071,273.5,262.94,272.88
2015-08-21,1440115200.0,234.49562052686133,236.99,231.15,235.56
2017-04-24,1492992000.0,1252.727242943123,1261.16,1246.31,1251.91
2016-10-14,1476403200.0,636.9628134631993,639.99,624.08,635.8
2017-03-26,1490486400.0,974.124366820911,1005.0,943.9,963.72
2017-10-10,1507593600.0,4816.787343592286,4925.65,4701.53,4769.55
2015-06-16,1434412800.0,242.23836578638185,253.26,236.01,236.92
2015-10-06,1444089600.0,243.75733626044493,248.0,240.31,240.93
2015-07-15,1436918400.0,291.114647862063,294.11,284.98,287.48
2015-09-14,1442188800.0,231.0747550200206,233.99,228.01,230.83
2015-09-18,1442534400.0,233.46352728479818,234.96,231.75,233.31
2015-06-05,1433462400.0,224.78253283647916,226.74,223.01,224.57
2016-11-18,1479427200.0,742.6527503004357,751.0,728.89,729.61
2017-02-09,1486598400.0,1026.9082004509307,1079.0,925.0,1057.22
2017-10-27,1509062400.0,5832.490672805009,5998.0,5708.8,5891.61
2015-09-01,1441065600.0,228.8511263113263,233.5,226.42,230.76
2017-11-16,1510790400.0,7457.429555664288,7985.37,7130.0,7294.0
2016-12-11,1481414400.0,769.5624767698469,776.08,765.0,776.05
2015-11-22,1448150400.0,324.49476854689584,327.0,321.0,326.99
2015-07-17,1437091200.0,277.86817314553485,281.38,272.64,279.38
2015-04-15,1429056000.0,222.270770987556,224.52,218.09,221.05
2017-11-17,1510876800.0,7837.660573384378,7988.5,7536.0,7838.54
2016-12-27,1482796800.0,916.857179929404,943.36,895.0,902.08
2017-06-01,1496275200.0,2404.708651893119,2488.0,2302.0,2303.61
2015-08-23,1440288000.0,230.35553478509036,233.25,226.15,231.16
2017-07-28,1501200000.0,2737.315402187916,2825.11,2655.55,2664.99
2017-07-27,1501113600.0,2568.8009189485406,2686.2,2514.1,2525.98
2016-04-20,1461110400.0,438.9936491180006,444.07,436.17,437.06
2016-11-07,1478476800.0,707.9401125350008,717.32,701.35,717.04
2015-05-11,1431302400.0,242.1365918869858,245.49,239.5,241.57
2016-08-26,1472169600.0,577.739634294818,579.86,574.85,575.57
2016-06-07,1465257600.0,583.018900859339,590.95,483.78,586.75
2015-07-29,1438128000.0,292.0364750532775,296.58,289.01,295.74
2016-06-02,1464825600.0,536.2310067101878,541.2,531.86,534.85
2015-07-03,1435881600.0,255.25464564365922,257.37,252.77,254.86
2017-01-16,1484524800.0,834.8424413288266,840.0,826.03,833.43
2015-09-09,1441756800.0,241.2267667049511,244.69,238.6,244.24
2016-09-14,1473811200.0,609.5807059197019,611.99,608.0,608.39
2016-09-03,1472860800.0,580.4770988718601,600.99,574.67,576.41
2016-02-29,1456704000.0,436.14960821392935,442.0,431.13,433.73
2017-11-07,1510012800.0,7112.99178269666,7232.84,6968.49,6969.76
2015-07-30,1438214400.0,288.5964477506668,291.56,286.56,290.26
2016-03-21,1458518400.0,409.6037359080763,412.13,406.89,411.25
2016-10-27,1477526400.0,683.462708355209,692.41,673.54,674.0
2017-06-22,1498089600.0,2664.958752028754,2724.69,2598.0,2643.33
2017-07-04,1499126400.0,2597.229538687012,2636.1,2542.18,2542.41
2016-05-23,1463961600.0,443.72132506934724,446.3,440.79,442.45
2015-08-27,1440633600.0,226.57450237579178,229.99,224.0,226.72
2015-11-19,1447891200.0,331.4461341937219,336.38,324.9,335.5
2015-09-16,1442361600.0,229.40997876837525,232.0,226.85,230.67
2016-12-08,1481155200.0,768.1810958359231,772.82,761.71,764.34
2017-08-22,1503360000.0,3934.6917815078464,4145.0,3583.46,4002.0
2015-09-25,1443139200.0,235.99555441727813,237.62,234.02,235.35
2017-12-14,1513209600.0,16791.159969637512,17199.6,16256.0,16689.62
2016-07-10,1468108800.0,650.7375211234437,657.61,641.0,657.61
2016-04-16,1460764800.0,432.41995064168077,434.89,429.89,430.82
2015-06-25,1435190400.0,241.82250595567356,243.44,239.91,240.14
2015-12-21,1450656000.0,436.4845395233538,444.44,424.66,442.36
2015-07-19,1437264000.0,276.81083334568103,278.48,275.0,277.71
2015-12-29,1451347200.0,425.37030659013243,433.9,419.31,421.94
2015-08-26,1440547200.0,226.2833143361249,231.97,220.16,223.73
2017-05-03,1493769600.0,1482.2642034483326,1533.0,1453.68,1471.79
2016-01-18,1453075200.0,380.45522494521515,386.1,370.1,378.47
2017-12-31,1514678400.0,13386.497711379865,14280.26,12633.8,12839.98
2015-11-30,1448841600.0,376.39290203774345,382.87,367.5,372.25
2015-06-24,1435104000.0,242.59925586106203,244.92,239.51,244.54
2015-08-25,1440460800.0,215.9690458805973,229.49,198.02,211.16
2017-12-30,1514592000.0,13584.142077233353,14639.79,12500.0,14565.04
2016-01-29,1454025600.0,376.9064998585408,385.05,363.25,379.63
2015-08-02,1438473600.0,280.48820760418084,282.62,277.33,281.9
2017-10-08,1507420800.0,4501.692441129447,4612.0,4420.01,4425.0
2016-08-07,1470528000.0,594.3102533409441,598.65,587.2,591.7
2017-03-03,1488499200.0,1278.9798208270806,1294.99,1255.61,1269.17
